{
  "roc_auc": 0.9426082636615654,
  "pr_auc": 0.6949146896788858,
  "classification_report": {
    "0": {
      "precision": 0.9828792639865237,
      "recall": 0.9135732954340154,
      "f1-score": 0.946959884394146,
      "support": 332108.0
    },
    "1": {
      "precision": 0.4510280195084632,
      "recall": 0.8169189732220182,
      "f1-score": 0.5811809936908517,
      "support": 28867.0
    },
    "accuracy": 0.9058438950065794,
    "macro avg": {
      "precision": 0.7169536417474934,
      "recall": 0.8652461343280169,
      "f1-score": 0.7640704390424988,
      "support": 360975.0
    },
    "weighted avg": {
      "precision": 0.9403473715442544,
      "recall": 0.9058438950065794,
      "f1-score": 0.9177087195269613,
      "support": 360975.0
    }
  }
}